{
  "$schema": "https://turborepo.com/schema.json",
  "ui": "tui",
  "concurrency": "30",
  "tasks": {
    "build": {
      "dependsOn": [
        "prisma:generate",
        "^build"
      ],
      "inputs": [
        "$TURBO_DEFAULT$",
        ".env*"
      ],
      "outputs": [
        "dist/**",
        ".next/**",
        "!.next/cache/**"
      ]
    },
    "lint": {
      "dependsOn": [
        "^lint"
      ]
    },
    "check-types": {
      "dependsOn": [
        "^check-types"
      ]
    },
    "start:dev": {
      "cache": false,
      "persistent": true
    },
    "prisma:generate": {
      "cache": false
    },
    "prisma:migrate": {
      "cache": false,
      "persistent": true
    },
    "prisma:deploy": {
      "cache": false
    },
    "prod": {
      "cache": false
    }
  }
}
